director,movie_count,avg_revenue_million,avg_rating,total_revenue_million
Steven Spielberg,27,338.79233940740744,6.974074074074075,9147.393164000001
Peter Jackson,9,722.0714244444445,7.333333333333333,6498.64282
James Cameron,7,840.5099198571428,7.328571428571428,5883.569439
Michael Bay,12,486.04371983333334,6.3999999999999995,5832.524638
Christopher Nolan,8,528.43540425,7.8,4227.483234
Chris Columbus,11,338.693773,6.590909090909091,3725.631503
Robert Zemeckis,13,276.20169246153847,6.915384615384616,3590.622002
George Lucas,5,667.8227786,6.959999999999999,3339.1138929999997
Tim Burton,14,238.3870172142857,6.728571428571429,3337.418241
Ridley Scott,16,199.3473748125,6.69375,3189.557997
Gore Verbinski,7,453.85905099999997,6.528571428571429,3177.013357
Sam Raimi,11,284.8092238181818,6.636363636363637,3132.901462
Joss Whedon,3,987.9436893333333,7.366666666666667,2963.831068
Roland Emmerich,8,369.60263000000003,6.0125,2956.8210400000003
Francis Lawrence,5,590.4914364,6.840000000000001,2952.457182
Ron Howard,13,221.33773438461537,6.638461538461538,2877.390547
Bryan Singer,8,351.029375125,6.65,2808.235001
Sam Mendes,7,387.6498298571429,6.914285714285714,2713.5488090000003
Andrew Adamson,5,521.3718894000001,6.62,2606.8594470000003
Carlos Saldanha,4,633.112948,6.45,2532.451792
Clint Eastwood,20,125.6029444,6.865,2512.058888
Zack Snyder,7,353.7424838571428,6.485714285714286,2476.1973869999997
M. Night Shyamalan,9,272.4838811111111,5.9,2452.35493
Jon Favreau,6,403.142372,6.583333333333333,2418.854232
James Wan,7,337.47354099999995,6.957142857142857,2362.314787
David Yates,3,742.9716653333334,6.766666666666667,2228.914996
Shawn Levy,11,201.689733,5.990909090909091,2218.587063
Barry Sonnenfeld,7,313.2055338571428,6.228571428571429,2192.438737
Pete Docter,3,718.5088373333333,7.733333333333333,2155.526512
David Fincher,10,213.9346325,7.340000000000001,2139.346325
Steven Soderbergh,15,140.99096286666665,6.326666666666667,2114.864443
Andrew Stanton,4,527.26133875,7.074999999999999,2109.045355
Anthony Russo,4,499.62560875,6.575,1998.502435
Martin Scorsese,20,97.8317999,7.295,1956.635998
Lilly Wachowski,6,318.6750168333333,6.466666666666668,1912.0501009999998
John Lasseter,4,473.18911175,6.85,1892.756447
Tony Scott,12,155.66006158333332,6.516666666666667,1867.920739
Martin Campbell,8,231.793119,6.25,1854.344952
Rob Marshall,5,356.2922766,6.26,1781.4613829999998
Brett Ratner,9,192.39803422222224,6.144444444444444,1731.582308
Jay Roach,8,215.3187795,6.05,1722.550236
Raja Gosnell,6,281.92368016666666,5.383333333333333,1691.542081
Eric Darnell,4,420.4727455,6.325,1681.890982
Wolfgang Petersen,7,230.71658328571428,6.571428571428571,1615.016083
Alfonso Cuar\u00f3n,4,402.4434255,7.425,1609.773702
Brad Bird,4,389.61727475,7.0,1558.469099
Mike Newell,7,218.90558800000002,6.614285714285714,1532.339116
Marc Webb,3,506.21867433333335,6.733333333333333,1518.656023
J.J. Abrams,4,377.74792275,6.975,1510.991691
Quentin Tarantino,8,187.703849625,7.775,1501.630797
Chris Weitz,6,241.384097,6.05,1448.304582
Garry Marshall,8,180.148875,6.0125,1441.191
Joel Schumacher,13,110.54127669230769,6.161538461538461,1437.036597
Paul Greengrass,7,201.96449742857143,6.928571428571429,1413.7514820000001
Marc Forster,8,176.136118,6.5375,1409.088944
Ang Lee,8,173.702462375,6.7625,1389.619699
Dennis Dugan,9,153.3290592222222,5.655555555555555,1379.961533
Rob Cohen,9,150.5622222222222,5.522222222222222,1355.06
Doug Liman,7,191.737236,6.8,1342.160652
Bobby Farrelly,11,121.65617263636364,5.827272727272727,1338.217899
Tom Shadyac,7,189.88212542857144,6.142857142857143,1329.174878
Todd Phillips,7,188.62762500000002,6.185714285714285,1320.393375
Richard Donner,11,118.56004281818181,6.454545454545454,1304.160471
Paul W.S. Anderson,10,130.186174,5.8100000000000005,1301.86174
Oliver Stone,14,91.28918678571428,6.614285714285714,1278.048615
Conrad Vernon,3,423.0612536666667,6.0,1269.183761
Jan de Bont,5,251.4244056,5.54,1257.122028
Peter Berg,6,208.97065316666666,6.366666666666667,1253.823919
Nancy Meyers,5,249.73549440000002,6.4799999999999995,1248.677472
Mike Mitchell,4,311.800296,5.675,1247.201184
John Woo,7,177.721012,6.271428571428571,1244.047084
Chris Sanders,3,408.60973799999994,7.133333333333333,1225.8292139999999
John McTiernan,10,117.04003,6.34,1170.4003
McG,6,191.29204233333334,5.883333333333333,1147.752254
George Miller,7,163.36618928571428,6.271428571428571,1143.563325
Edward Zwick,7,162.208269,6.857142857142857,1135.457883
Justin Lin,5,225.6155566,6.24,1128.077783
Jon M. Chu,5,223.0656156,6.0,1115.328078
Robert Rodriguez,16,69.3687238125,5.875,1109.899581
Barry Levinson,13,85.32709461538462,6.3076923076923075,1109.25223
Phil Lord,4,275.544025,6.925,1102.1761
David Ayer,6,182.33161916666666,6.433333333333334,1093.989715
Simon West,8,135.1424,5.825,1081.1392
Guy Ritchie,7,154.3688412857143,6.857142857142857,1080.581889
Jon Turteltaub,7,153.39126699999997,6.257142857142857,1073.7388689999998
James Mangold,8,133.61849125,6.7125,1068.94793
Phillip Noyce,9,117.30798677777778,6.366666666666667,1055.7718810000001
Rob Minkoff,5,210.6402986,5.88,1053.201493
Kenneth Branagh,7,149.05572542857144,6.857142857142857,1043.3900780000001
Peyton Reed,4,260.1881395,6.2,1040.752558
Renny Harlin,15,68.76670600000001,5.72,1031.50059
Bill Condon,5,199.78886319999998,6.359999999999999,998.944316
Jonathan Liebesman,5,196.1333512,5.5200000000000005,980.666756
Joel Coen,11,86.69172863636364,6.8090909090909095,953.609015
Mel Gibson,3,314.0249033333333,7.3,942.07471
Brad Peyton,3,312.88911866666666,5.566666666666666,938.667356
Robert Schwentke,6,155.40260366666666,6.1499999999999995,932.415622
Brian De Palma,12,76.76839591666666,6.5249999999999995,921.220751
Christopher McQuarrie,3,306.5987116666667,6.6000000000000005,919.796135
Michael Apted,5,182.77654339999998,6.26,913.882717
Chris Wedge,3,304.1269213333333,6.5,912.380764
Guillermo del Toro,5,181.1156428,6.7,905.578214
Matt Reeves,4,226.38855125,6.25,905.554205
Ivan Reitman,8,113.172476,5.85,905.379808
Francis Ford Coppola,12,73.83703041666666,6.9750000000000005,886.044365
John Glen,5,176.5187348,6.12,882.593674
Ron Clements,3,293.558033,7.1000000000000005,880.6740990000001
Alejandro Gonz\u00e1lez I\u00f1\u00e1rritu,6,146.3299785,7.233333333333333,877.979871
Adam Shankman,8,109.195346625,6.0375,873.562773
Gary Ross,3,288.19436233333334,6.733333333333333,864.583087
Frank Coraci,7,123.18562585714287,5.771428571428571,862.299381
Andy Tennant,6,143.60994283333332,6.083333333333333,861.6596569999999
Adam McKay,6,143.17940916666666,6.466666666666666,859.076455
Hayao Miyazaki,4,214.122594,8.05,856.490376
Tom Hooper,3,285.34043966666667,7.3,856.021319
Joe Johnston,4,211.86350825,6.075,847.454033
Peter Segal,7,119.54810085714287,6.014285714285714,836.836706
Genndy Tartakovsky,3,277.20085366666666,7.166666666666667,831.602561
Sydney Pollack,5,162.700213,6.4,813.5010649999999
Tim Story,7,115.700925,6.3999999999999995,809.906475
Chuck Russell,6,134.00089516666665,5.566666666666666,804.005371
Rob Reiner,11,73.0724979090909,6.681818181818182,803.797477
Jerry Zucker,4,200.388127,6.475,801.552508
David Slade,3,260.33984300000003,6.266666666666667,781.019529
Peter Weir,4,195.17410525,7.45,780.696421
Antoine Fuqua,8,97.50164,6.675,780.01312
Kevin Reynolds,5,155.2963628,6.34,776.481814
Alex Proyas,5,154.9124916,6.4799999999999995,774.562458
David O. Russell,8,96.795503375,6.2875,774.364027
James Gunn,3,257.88425566666666,6.933333333333334,773.6527669999999
Betty Thomas,4,192.78943675,5.5,771.157747
Seth MacFarlane,3,255.46363433333337,6.1000000000000005,766.3909030000001
Wes Craven,10,76.47942809999999,5.95,764.794281
Olivier Megaton,3,254.29286133333335,6.233333333333333,762.878584
Darren Aronofsky,6,126.84355816666668,7.0,761.0613490000001
F. Gary Gray,8,94.790926875,6.675,758.327415
Danny Boyle,8,93.44906837500001,7.0125,747.5925470000001
Stephen Sommers,4,186.67132925,5.95,746.685317
Jonathan Mostow,4,183.81758274999999,6.125,735.2703309999999
Baz Luhrmann,4,181.776654,6.925,727.106616
Cameron Crowe,6,120.448562,6.3999999999999995,722.691372
Tim Hill,5,144.12119539999998,5.46,720.6059769999999
Mark Waters,6,117.1255875,6.116666666666667,702.753525
Louis Leterrier,6,115.68196516666667,6.3999999999999995,694.0917910000001
David Frankel,4,173.0907265,6.325,692.362906
Robert Luketic,6,114.46446066666668,5.966666666666666,686.7867640000001
Anne Fletcher,5,137.07462479999998,6.0600000000000005,685.373124
Paul Feig,4,169.05130300000002,5.925,676.2052120000001
Brian Levant,6,112.34784633333334,5.1499999999999995,674.087078
Michael Mann,6,112.188574,6.616666666666667,673.131444
Woody Allen,21,31.86195419047619,6.685714285714286,669.101038
Lee Tamahori,5,131.45282319999998,5.96,657.264116
Rawson Marshall Thurber,3,218.2296573333333,6.3999999999999995,654.6889719999999
Jaume Collet-Serra,6,109.10346183333333,6.333333333333333,654.620771
John Singleton,7,90.34435599999999,6.528571428571429,632.410492
Nicholas Stoller,5,125.20568859999999,5.96,626.0284429999999
John Madden,5,123.9762958,6.36,619.881479
Paul Verhoeven,5,123.857915,6.3,619.289575
Judd Apatow,5,123.7678632,5.92,618.8393159999999
Walt Becker,4,154.46894325,5.625,617.875773
Neill Blomkamp,3,200.4532863333333,6.766666666666667,601.3598589999999
Matthew Vaughn,4,149.30581675,7.074999999999999,597.223267
Ben Stiller,5,119.1563496,6.0,595.781748
Duncan Jones,3,196.923328,7.0,590.769984
Len Wiseman,3,196.86024066666667,6.466666666666666,590.580722
Steve Carr,4,145.9146675,5.525,583.65867
Jonathan Demme,5,115.1054652,6.779999999999999,575.527326
Luc Besson,5,113.1556434,6.42,565.778217
Brad Silberling,4,141.32829725,6.05,565.313189
Lasse Hallstr\u00f6m,9,62.460504666666665,6.922222222222222,562.144542
Harold Ramis,8,69.59784625,6.1125,556.78277
Andy Fickman,6,91.241402,5.766666666666667,547.448412
James Bobin,3,181.64587033333336,6.3999999999999995,544.9376110000001
Tarsem Singh,4,136.150402,5.875,544.601608
Joe Wright,6,90.53895233333333,6.766666666666667,543.233714
William Friedkin,6,90.36926483333333,6.666666666666667,542.215589
Adrian Lyne,4,134.7351505,6.199999999999999,538.940602
David Hand,3,178.564212,6.966666666666666,535.692636
Anthony Minghella,3,177.92939966666665,6.8999999999999995,533.788199
Gavin Hood,4,133.307174,6.475,533.228696
John Lee Hancock,4,130.792473,6.7,523.169892
Roger Michell,3,172.536874,6.333333333333333,517.610622
Nick Cassavetes,4,127.58601675,7.0,510.344067
Kevin Costner,3,170.04379166666666,6.8999999999999995,510.131375
Guy Hamilton,6,84.58007416666668,6.45,507.48044500000003
Andrew Davis,4,126.86688175,6.175,507.467527
Lewis Gilbert,3,169.11051966666665,6.333333333333333,507.33155899999997
Martin Brest,4,126.24509825,6.1,504.980393
John Moore,4,125.70836725,5.525,502.833469
Catherine Hardwicke,6,83.29863116666665,6.1499999999999995,499.79178699999994
Donald Petrie,8,62.354590375,5.625,498.836723
Timur Bekmambetov,4,124.1491145,5.875,496.596458
David Zucker,5,98.5732496,5.24,492.866248
Mark Dindal,3,162.44232966666667,6.633333333333333,487.32698899999997
Robert Wise,4,120.31191775,6.9,481.247671
Gabriele Muccino,4,118.8112465,6.6,475.244986
John Landis,5,93.1677758,6.7,465.838879
Jason Reitman,5,92.61798639999999,6.62,463.089932
Darren Lynn Bousman,5,91.2685334,6.2,456.342667
Scott Derrickson,4,113.7556915,6.025,455.022766
Seth Gordon,3,151.56623566666667,5.8,454.698707
D.J. Caruso,4,110.24905774999999,6.45,440.99623099999997
Larry Charles,5,88.1904554,6.040000000000001,440.95227700000004
Victor Fleming,3,146.43147533333334,7.033333333333334,439.29442600000004
Roger Spottiswoode,4,109.12413625,6.25,436.496545
Henry Joost,3,144.07637333333335,6.066666666666666,432.22912
Roger Donaldson,7,61.722998000000004,6.357142857142857,432.060986
Tony Gilroy,3,143.18825766666666,6.066666666666666,429.564773
Brian Helgeland,5,85.7335214,6.32,428.667607
Sean Anders,4,106.81769925,5.85,427.270797
James L. Brooks,3,139.296095,5.966666666666666,417.888285
Peter Chelsom,5,82.71246679999999,5.86,413.56233399999996
Wes Anderson,7,59.034326,7.414285714285714,413.240282
Alexander Payne,5,82.04699120000001,6.88,410.234956
Frank Darabont,4,101.83880425000001,7.5,407.35521700000004
Jeff Tremaine,4,101.529208,6.225,406.116832
David R. Ellis,5,81.03294059999999,5.4799999999999995,405.164703
Baltasar Korm\u00e1kur,3,132.822665,6.466666666666666,398.46799500000003
Dominic Sena,3,132.16291333333334,5.833333333333333,396.48874
Gus Van Sant,7,55.713297857142855,6.857142857142857,389.993085
Keenen Ivory Wayans,4,96.323673,5.75,385.294692
Simon Wells,3,127.11170733333334,6.033333333333334,381.335122
Peter Hyams,6,63.43928116666667,5.533333333333334,380.635687
Nora Ephron,3,126.78733133333333,5.933333333333334,380.361994
Stephen Frears,10,37.8411142,6.62,378.411142
Stephen Hopkins,6,63.00388133333333,5.883333333333333,378.023288
Neil Burger,4,93.915728,6.475,375.662912
Mikael H\u00e5fstr\u00f6m,4,92.7803545,6.275,371.121418
Richard Curtis,3,122.79366633333332,7.333333333333333,368.380999
Zhang Yimou,6,60.928301833333336,6.616666666666667,365.569811
Paul Weitz,5,72.8268566,5.42,364.134283
Jake Kasdan,4,90.64112250000001,5.825,362.56449000000003
Frank Marshall,4,90.605046,6.15,362.420184
George Clooney,5,71.9780786,6.279999999999999,359.890393
Jean-Pierre Jeunet,5,71.8833486,6.859999999999999,359.416743
Will Gluck,3,119.75262866666667,6.3999999999999995,359.257886
George P. Cosmatos,3,119.68667900000001,5.8999999999999995,359.060037
Gary Winick,5,71.6020892,6.0200000000000005,358.010446
Curtis Hanson,7,49.74642828571429,6.3428571428571425,348.224998
Jean-Jacques Annaud,4,86.46664,7.05,345.86656
Bruce Beresford,4,86.08857624999999,6.75,344.35430499999995
Roman Polanski,6,56.964829,7.033333333333334,341.788974
Spike Lee,16,21.2886731875,6.45625,340.618771
Joe Dante,6,55.95809883333333,6.1499999999999995,335.74859299999997
Jonathan Frakes,4,83.76923,5.6,335.07692
Tom Tykwer,5,66.5407444,6.640000000000001,332.70372199999997
Les Mayfield,5,66.4268956,5.4399999999999995,332.134478
Marc Lawrence,3,108.17719666666666,5.733333333333333,324.53159
Taylor Hackford,6,53.98213916666666,6.633333333333333,323.892835
Thor Freudenthal,3,107.77123633333333,5.833333333333333,323.313709
Breck Eisner,3,107.05417866666666,5.866666666666667,321.162536
Stephen Daldry,5,63.9730002,7.12,319.865001
Penny Marshall,4,79.80079775,6.5,319.203191
Jesse Dylan,3,106.22502366666667,5.966666666666666,318.675071
James DeMonaco,3,105.56645133333332,6.233333333333333,316.69935399999997
Neil Jordan,8,39.44826575,6.3625,315.586126
Jason Friedberg,5,62.94359419999999,3.5400000000000005,314.717971
Stanley Kubrick,6,52.249809,7.683333333333334,313.498854
Michel Gondry,4,77.94849225,6.5,311.793969
Luke Greenfield,4,77.92677725,5.8,311.707109
Richard Linklater,11,28.321094272727272,6.954545454545454,311.532037
Ken Kwapis,4,77.58473525000001,6.075,310.33894100000003
Glenn Ficarra,3,102.48873166666668,6.7,307.466195
Mel Brooks,6,51.1047935,6.883333333333333,306.628761
Robert Redford,5,61.0075324,6.5200000000000005,305.037662
Dean Parisot,4,75.788336,6.0,303.153344
Pierre Morel,4,75.72139625,6.325,302.885585
Hugh Wilson,4,75.715479,5.775,302.861916
Jon Amiel,4,75.1036045,6.075,300.414418
Tyler Perry,9,33.333019666666665,6.300000000000001,299.99717699999997
Andrzej Bartkowiak,5,59.2472878,5.2,296.236439
Rob Bowman,4,72.948031,5.875,291.792124
Kirk Jones,5,58.2226146,6.32,291.113073
David Twohy,4,72.53758125,6.35,290.150325
Steve Oedekerk,4,71.29113325,5.949999999999999,285.164533
Terence Young,4,71.22360575,6.7,284.894423
Richard Lester,5,55.7217996,6.359999999999999,278.608998
Randall Wallace,4,69.06127925,6.45,276.245117
Randal Kleiser,3,91.820012,6.5,275.460036
Andrew Niccol,5,54.8469882,6.62,274.234941
Richard LaGravenese,5,54.1922102,6.16,270.961051
Malcolm D. Lee,7,38.547568142857145,5.957142857142857,269.832977
Terry Gilliam,7,38.519881285714284,6.885714285714286,269.639169
John Whitesell,5,53.8211092,5.0600000000000005,269.105546
Brian Taylor,4,66.88437825,5.7,267.537513
Peter Howitt,4,66.69869825,5.975,266.794793
Peter Cattaneo,4,66.6884195,6.25,266.753678
John Hamburg,3,87.86679066666666,6.2,263.600372
Albert Hughes,3,86.52195666666667,6.8,259.56587
Mike Nichols,6,43.2361845,6.233333333333333,259.417107
David Bowers,4,64.51998825000001,6.1,258.07995300000005
John Carpenter,10,25.590797900000002,6.459999999999999,255.907979
Michael Caton-Jones,4,62.997645999999996,5.725,251.99058399999998
Ruben Fleischer,3,82.71324166666666,6.333333333333333,248.139725
David Dobkin,4,61.873328,6.35,247.493312
Wayne Wang,5,49.1876092,5.86,245.93804599999999
Kevin Smith,12,20.445256166666667,6.158333333333334,245.343074
James Wong,4,60.930368,5.2,243.721472
David Lean,4,60.58535025,7.45,242.341401
Steven Brill,4,60.225163249999994,5.4,240.90065299999998
Greg Mottola,3,78.726551,6.633333333333333,236.179653
Stephen Herek,8,28.92149,5.9750000000000005,231.37192
Tom Dey,3,76.46978033333333,5.566666666666666,229.40934099999998
Alexandre Aja,4,56.31207925,6.0,225.248317
Paul Thomas Anderson,6,37.52185716666667,7.216666666666666,225.131143
James McTeigue,4,55.65778325,6.35,222.631133
Boaz Yakin,3,73.67337466666666,6.833333333333333,221.02012399999998
Leonard Nimoy,3,73.33333333333333,6.366666666666667,220.0
Scott Hicks,5,43.2287938,6.58,216.143969
Gary Fleder,6,35.65502083333333,6.416666666666667,213.930125
Peter Hewitt,4,53.3276805,5.45,213.310722
Denis Villeneuve,3,71.085447,7.666666666666667,213.25634100000002
Frank Oz,7,30.259760714285715,6.257142857142857,211.81832500000002
Daniel Espinosa,3,70.46684499999999,6.3,211.400535
Kathryn Bigelow,3,69.99656066666667,6.666666666666667,209.98968200000002
Milo\u0161 Forman,3,69.46291133333334,7.633333333333333,208.388734
Iain Softley,4,51.836015,6.425,207.34406
Burr Steers,4,51.40249324999999,6.225,205.60997299999997
Edgar Wright,4,51.091753,7.2,204.367012
Michael Moore,6,33.89339666666667,6.95,203.36038
Spike Jonze,4,50.77570325,7.225,203.102813
Russell Mulcahy,4,50.6129705,5.825,202.451882
Thomas Carter,3,65.94534833333333,6.633333333333333,197.83604499999998
Mimi Leder,3,65.39069166666667,6.233333333333333,196.172075
William Brent Bell,3,64.35065066666667,5.233333333333333,193.051952
Stephen Chow,3,63.66422533333334,6.633333333333333,190.99267600000002
Sofia Coppola,4,47.65189325,6.725,190.607573
Bob Clark,4,47.645615,4.675,190.58246
John Pasquin,3,63.27778566666667,5.7,189.833357
Brian Robbins,6,31.0670685,5.416666666666667,186.402411
Shekhar Kapur,3,62.09028333333333,6.733333333333333,186.27085
John Frankenheimer,5,36.841526599999995,5.86,184.207633
Roger Kumble,3,61.31305166666667,5.5,183.939155
Terrence Malick,4,45.834201,6.925,183.336804
Alan Parker,3,60.000930000000004,6.733333333333333,180.00279
Paul Haggis,3,59.70016733333333,6.8999999999999995,179.100502
Oliver Parker,3,59.537925666666666,6.333333333333333,178.613777
David Koepp,5,35.1096834,6.180000000000001,175.548417
Jonathan Lynn,4,43.478311500000004,6.35,173.91324600000002
Warren Beatty,3,57.77475633333333,6.433333333333334,173.324269
David Gordon Green,8,21.558850125,6.0375,172.470801
Kevin Rodney Sullivan,3,57.21955,5.7,171.65865
Charles Martin Smith,3,56.991143,6.233333333333333,170.973429
David Cronenberg,7,24.151284428571426,6.771428571428571,169.058991
John Erick Dowdle,4,42.2393665,6.025,168.957466
Angelina Jolie,3,55.82485333333333,6.166666666666667,167.47456
Tobe Hooper,5,33.193907,6.36,165.969535
Ronny Yu,4,41.3951735,5.475,165.580694
Harold Becker,4,41.28220175,6.025,165.128807
Richard Fleischer,4,41.174231,6.125,164.696924
Brad Furman,3,54.488784,6.366666666666667,163.466352
Patrick Lussier,4,40.666613999999996,5.199999999999999,162.66645599999998
Jonathan Levine,4,39.767105,6.325,159.06842
Norman Jewison,5,31.4521164,6.460000000000001,157.260582
Nimr\u00f3d Antal,3,52.38800033333333,6.066666666666666,157.16400099999998
Scott Cooper,3,51.23343666666667,6.533333333333334,153.70031
Jay Chandrasekhar,4,38.3694155,5.6499999999999995,153.477662
Kevin Macdonald,3,49.899322000000005,7.233333333333333,149.697966
Joe Carnahan,3,49.005324333333334,6.533333333333334,147.015973
George A. Romero,7,19.594887857142858,6.1571428571428575,137.164215
Jean-Marc Vall\u00e9e,3,45.03657166666667,7.3,135.109715
Charles Herman-Wurmfeld,3,44.97608866666667,5.833333333333333,134.928266
"George Tillman, Jr.",4,33.727479,6.75,134.909916
Fernando Meirelles,3,44.31780633333333,7.1000000000000005,132.953419
Gregory Hoblit,3,44.292233,6.266666666666667,132.876699
Robert Iscove,3,42.905509,4.7,128.716527
Richard Attenborough,4,32.12197225,7.0,128.487889
Jim Sheridan,3,42.75440566666666,6.3,128.263217
Craig Gillespie,4,31.655654249999998,6.5,126.62261699999999
Jared Hess,3,42.10536333333334,6.166666666666667,126.31609
Steve Pink,3,41.963198999999996,5.666666666666667,125.889597
Patricia Riggen,3,41.738038,6.566666666666666,125.21411400000001
Miguel Arteta,5,24.874275,5.9399999999999995,124.371375
Richard Loncraine,3,41.43733566666666,6.166666666666667,124.312007
Michael Ritchie,3,41.162095666666666,6.0,123.486287
Eli Roth,3,41.01063333333333,5.433333333333334,123.0319
Ron Shelton,4,30.66721575,5.775,122.668863
Victor Salva,3,40.773485,6.3,122.32045500000001
Gavin O'Connor,5,24.2659222,6.5200000000000005,121.32961099999999
Jane Campion,3,40.380026,6.166666666666667,121.140078
Carl Franklin,3,39.75912433333333,6.133333333333333,119.277373
John Milius,3,39.163527333333334,6.233333333333333,117.490582
David Wain,4,29.135215249999998,5.475,116.54086099999999
Steve Miner,5,23.0566514,5.68,115.28325699999999
John Stockwell,4,28.301560249999998,5.625,113.20624099999999
Jeff Wadlow,3,37.45836833333333,6.1000000000000005,112.375105
Niki Caro,3,37.444767000000006,7.1000000000000005,112.33430100000001
Jodie Foster,3,37.25752966666667,6.366666666666667,111.77258900000001
Irwin Winkler,4,27.65699125,6.25,110.627965
Barbra Streisand,3,35.062533,6.2,105.187599
Anton Corbijn,3,35.05956233333334,6.6000000000000005,105.17868700000001
Kimberly Peirce,3,35.04734166666667,6.366666666666667,105.142025
Wong Kar-wai,3,35.044928666666664,6.3999999999999995,105.13478599999999
Paul McGuigan,3,34.51247866666667,6.566666666666666,103.537436
Sidney Lumet,6,17.058802833333335,6.966666666666666,102.352817
Lawrence Kasdan,5,20.1534872,6.1,100.767436
Reginald Hudlin,3,33.57672833333333,5.366666666666667,100.73018499999999
Bille Woodruff,4,24.749528249999997,5.5,98.99811299999999
Alejandro Amen\u00e1bar,4,23.81195675,6.7,95.247827
Nicolas Winding Refn,4,22.996512,6.575,91.986048
Rick Famuyiwa,4,22.95454025,6.75,91.818161
Alfred Hitchcock,8,11.4375,7.05,91.5
Franklin J. Schaffner,3,30.079854666666666,6.633333333333333,90.239564
Jon Avnet,3,30.035149999999998,5.833333333333333,90.10544999999999
Robert Altman,3,29.251347999999997,6.433333333333334,87.754044
Michael Lehmann,3,28.90119,5.466666666666666,86.70357
Stephen T. Kay,3,28.868617333333333,5.366666666666667,86.605852
David Lynch,5,16.8107786,7.44,84.053893
Brad Anderson,5,16.615198,6.5200000000000005,83.07599
Michael Tiddes,3,27.102160666666666,5.033333333333334,81.306482
John Schultz,3,26.82482166666667,5.6000000000000005,80.47446500000001
Gina Prince-Bythewood,3,26.81741333333333,7.266666666666667,80.45223999999999
Fred Zinnemann,5,15.930000000000001,7.2,79.65
Griffin Dunne,3,26.374121666666667,4.8999999999999995,79.122365
Alex Kendrick,4,19.53921725,6.8,78.156869
Mark Pellington,3,25.962793666666666,6.6000000000000005,77.888381
Nicholas Hytner,3,25.83625533333333,6.333333333333333,77.508766
Mark L. Lester,4,19.213931000000002,6.050000000000001,76.85572400000001
Gurinder Chadha,3,25.526213666666667,5.666666666666667,76.578641
Don Michael Paul,3,25.477575666666667,5.133333333333333,76.432727
Jay Russell,3,24.847235666666666,6.366666666666667,74.541707
James Ivory,7,10.377872857142858,6.6000000000000005,72.64511
John Dahl,4,18.03952225,6.55,72.158089
John Schlesinger,3,23.049274999999998,5.833333333333333,69.147825
Simon Wincer,4,16.04357225,5.5,64.174289
James Gray,4,15.9856885,6.325,63.942754
Howard Deutch,3,20.92542966666667,5.666666666666667,62.776289000000006
Lars von Trier,3,20.841365,7.166666666666667,62.524095
John Boorman,3,20.652534666666668,5.933333333333334,61.957604
Billy Wilder,4,15.25,7.6,61.0
Rob Zombie,4,14.3542235,5.699999999999999,57.416894
Julie Taymor,3,18.881689333333334,6.8,56.645068
Ron Underwood,3,18.558657666666665,5.633333333333333,55.675973
Shana Feste,3,18.202371333333332,6.266666666666667,54.607113999999996
King Vidor,3,18.2,6.2,54.599999999999994
Davis Guggenheim,3,18.102286333333335,6.066666666666666,54.306859
Walter Hill,4,13.12793175,5.7,52.511727
Andrew Fleming,4,13.0673665,5.975,52.269466
Trey Parker,3,16.969140666666664,6.633333333333333,50.907422
Park Chan-wook,3,16.953584666666668,7.3,50.860754
Jaume Balaguer\u00f3,4,12.229420000000001,6.525,48.917680000000004
Kenny Ortega,5,9.3029426,6.3,46.514713
John Hillcoat,3,15.107765,6.5,45.323295
Mike Binder,3,14.597832333333335,6.666666666666667,43.793497
Mira Nair,5,8.6409216,6.279999999999999,43.204608
Nicole Holofcener,5,8.568848,6.119999999999999,42.84424
Anand Tucker,3,13.836922999999999,6.333333333333333,41.510768999999996
Richard Brooks,4,10.24446875,7.3,40.977875
Walter Salles,3,13.284706333333332,6.133333333333333,39.854119
Chris Rock,3,12.876845333333334,5.533333333333334,38.630536
Rod Lurie,5,7.5934296,6.24,37.967148
J.C. Chandor,3,12.539943,6.6000000000000005,37.619828999999996
Peter Sollett,3,12.121129333333334,7.1000000000000005,36.363388
Frank Capra,5,7.235445,7.62,36.177225
Michael Hoffman,3,11.975404333333332,6.933333333333334,35.926213
Richard Kelly,3,11.659598666666668,6.1000000000000005,34.978796
Todd Haynes,3,11.360940999999999,6.8,34.082823
Michael Schultz,3,10.852766666666666,6.133333333333333,32.558299999999996
Douglas McGrath,3,10.567608333333334,6.066666666666666,31.702825
Dennie Gordon,4,7.74692375,5.275,30.987695
Jeff Nichols,4,7.724824000000001,6.8,30.899296000000003
Morgan Spurlock,3,9.732343,7.0,29.197029
Neil Marshall,3,9.675405,6.166666666666667,29.026215
Sam Weisman,4,7.25,5.15,29.0
Michael Curtiz,3,9.399500000000002,6.8999999999999995,28.198500000000003
Michael Haneke,3,9.259454666666667,7.0,27.778364
Neil LaBute,3,9.213342666666668,6.2,27.640028
Amy Heckerling,4,6.77322,5.925,27.09288
John Ford,4,6.5,6.825,26.0
George Sidney,3,8.630666666666666,7.066666666666666,25.892
James Foley,3,8.627142666666666,6.633333333333333,25.881428
Sergio Leone,4,6.455377,8.0,25.821508
Richard Benjamin,3,8.533235333333332,4.633333333333333,25.599705999999998
Elia Kazan,3,8.466666666666667,7.466666666666666,25.4
Christopher Guest,4,6.07306775,6.625,24.292271
Mike Judge,4,6.04297475,6.475,24.171899
Tony Kaye,3,7.958384,5.3999999999999995,23.875152
Joe Nussbaum,3,7.916691666666668,5.666666666666667,23.750075000000002
Mike Leigh,5,4.7059524,6.76,23.529762
Noah Baumbach,3,7.585147333333334,6.633333333333333,22.755442000000002
Don Coscarelli,3,7.113126333333334,6.333333333333333,21.339379
Danny DeVito,3,6.440711666666666,5.966666666666666,19.322135
Michael Winterbottom,6,3.1548118333333335,5.8999999999999995,18.928871
Richard Shepard,3,5.940251666666666,6.2,17.820755
Thomas Vinterberg,3,5.6000000000000005,7.066666666666666,16.8
Sam Peckinpah,4,4.1633785,6.975,16.653514
Michael Polish,5,3.1947175999999997,5.88,15.973588
John Sayles,4,3.8169425,6.475,15.26777
John Waters,3,4.606896,6.266666666666667,13.820688
Uwe Boll,5,2.5696456,4.0,12.848227999999999
Atom Egoyan,6,1.9538405,6.233333333333333,11.723043
Roland Joff\u00e9,3,3.4608023333333335,5.3999999999999995,10.382407
John Cameron Mitchell,3,3.4360316666666666,6.866666666666667,10.308095
Edward Burns,4,2.37064475,5.9,9.482579
Charles Ferguson,3,3.1010483333333334,4.966666666666667,9.303145
Shane Meadows,4,2.044136,7.05,8.176544
Kasi Lemmons,3,2.339396333333333,5.966666666666666,7.018189
Jonathan Glazer,3,1.793417,6.3,5.380251
Jay Duplass,4,1.104395,6.05,4.41758
Todd Solondz,3,1.1840686666666667,6.866666666666667,3.552206
unknown,30,0.09242433333333334,3.3866666666666663,2.77273
James Cox,3,0.822148,5.666666666666667,2.466444
Paul Schrader,6,0.35314850000000003,5.466666666666666,2.118891
Kelly Reichardt,3,0.2921006666666667,6.3999999999999995,0.876302
Vincenzo Natali,4,0.1254545,6.225,0.501818
Stefan Ruzowitzky,3,0.029783666666666663,5.933333333333333,0.08935099999999999
Brian Trenchard-Smith,3,0.0,3.6,0.0
Jean-Marie Poir\u00e9,3,0.0,5.8999999999999995,0.0
Jon Knautz,3,0.0,5.7,0.0
Lloyd Kaufman,3,0.0,5.833333333333333,0.0
