primary_genre,movies,avg_budget_million,avg_revenue_million,avg_rating,total_revenue_million
Animation,123,67.60188904878049,241.7656107886179,6.273983739837399,29737.170127
Adventure,339,65.5983237079646,210.96112815044248,6.305604719764012,71515.822443
Science Fiction,96,49.275854197916665,168.52235598958333,6.157291666666667,16178.146175
Family,56,42.69424642857143,159.41826435714285,5.646428571428571,8927.422804
Fantasy,117,52.53879342735043,147.55923324786326,6.167521367521368,17264.43029
Action,754,47.65132943633952,121.86138986604776,5.938063660477454,91883.487959
History,25,24.4034,72.7760166,6.627999999999999,1819.400415
Mystery,41,22.37390243902439,69.28846958536585,6.143902439024391,2840.827253
Romance,106,20.53943491509434,65.75061099056605,6.194339622641509,6969.564765
War,24,36.552083333333336,64.71706,6.595833333333334,1553.20944
Thriller,194,24.698092963917528,60.48303162886597,5.627835051546391,11733.708136
Comedy,1042,18.83704477159309,51.78074186468331,5.932341650671785,53955.533023
Western,27,23.18236233333333,49.57033196296297,6.4148148148148145,1338.398963
Crime,195,21.633980784615385,48.328882692307694,6.428717948717948,9424.132125
Drama,1207,17.97940342419221,45.36260029908865,6.4302402651201325,54752.658561
Horror,300,11.663983063333333,44.4843166,5.631666666666667,13345.29498
Music,34,15.513569411764706,31.703531999999996,6.252941176470588,1077.9200879999999
Documentary,89,1.9574647752808987,8.752088393258427,6.178651685393258,778.935867
unknown,28,0.13214289285714284,0.059740357142857144,2.335714285714286,1.67273
Foreign,2,0.1125,0.05565,7.2,0.1113
TV Movie,4,0.25,0.0,4.875,0.0
