release_year,movies,avg_budget_million,avg_revenue_million,avg_rating,total_revenue_million
1916,1,0.385907,8.394751,7.4,8.394751
1925,1,0.245,22.0,7.0,22.0
1927,1,92.62,0.650422,8.0,0.650422
1929,2,0.1895,2.179,6.3,4.358
1930,1,3.95,8.0,6.1,8.0
1932,1,4e-06,2.5e-05,6.2,2.5e-05
1933,2,0.3195,2.2405,5.6,4.481
1934,1,0.325,4.5,7.7,4.5
1935,1,0.609,3.202,7.4,3.202
1936,2,0.6000004999999999,5.618,7.449999999999999,11.236
1937,2,0.7442115,92.462743,7.65,184.925486
1938,2,1.822368,5.7165505,6.0,11.433101
1939,3,2.7590000000000003,147.84380866666666,7.666666666666667,443.531426
1940,5,1.6336,36.5584,6.94,182.792
1941,1,1.25,6.0,6.8,6.0
1942,2,0.868,138.954825,7.35,277.90965
1944,2,2.4939999999999998,6.1275,6.5,12.255
1945,4,1.2275,6.7829999999999995,6.675,27.131999999999998
1946,3,3.7600000000000002,17.89804133333333,7.266666666666667,53.694123999999995
1947,3,1.4333333333333333,2.6,6.866666666666667,7.8
1948,3,2.2333333333333334,3.989333333333333,6.966666666666666,11.968
1949,2,1.3,6.6,6.65,13.2
1950,1,3.768785,8.0,7.3,8.0
1951,3,4.116666666666666,16.333333333333332,7.166666666666667,49.0
1952,4,1.8176999999999999,12.8,7.225,51.2
1953,4,1.8025,20.0,6.75,80.0
1954,4,3.2275,13.26796025,7.25,53.071841
1955,2,0.6,3.5,7.35,7.0
1956,3,3.1666666666666665,11.266666666666666,6.266666666666667,33.8
1957,2,1.675,17.15,7.949999999999999,34.3
1958,1,3.0,17.570324,7.6,17.570324
1959,3,3.794616,16.666666666666668,6.933333333333334,50.0
1960,3,2.2689826666666666,22.46666666666667,7.866666666666666,67.4
1961,5,3.5799999999999996,14.8913644,7.26,74.456822
1962,7,4.744571428571429,30.010747285714285,7.0,210.075231
1963,8,8.712625,35.7304045,6.7875,285.843236
1964,10,5.298,34.701446,7.220000000000001,347.01446
1965,8,6.1,69.344564125,6.9,554.756513
1966,6,2.1629666666666667,9.891666666666667,6.733333333333333,59.35
1967,4,3.875,31.9480845,6.825,127.792338
1968,10,4.2019,18.755447699999998,6.859999999999999,187.554477
1969,10,5.4444087,31.4385854,6.6,314.385854
1970,12,8.570162166666666,20.66806575,6.6499999999999995,248.01678900000002
1971,10,3.2177,29.6241798,6.640000000000001,296.241798
1972,9,1.5791111111111111,32.375855666666666,7.033333333333333,291.382701
1973,9,3.9573092222222224,106.62107022222223,7.0,959.589632
1974,8,3.885625,48.27089675,7.15,386.167174
1975,6,4.45,109.08292833333333,7.3,654.49757
1976,9,6.1,33.14820777777778,7.1,298.33387
1977,16,8.344375,91.2599325,6.5375,1460.15892
1978,14,9.142857928571429,68.53691507142857,6.628571428571428,959.516811
1979,16,12.803125,61.8595556875,6.475,989.752891
1980,22,12.868181818181819,58.6810205,6.609090909090909,1290.982451
1981,33,11.284848484848483,39.846320181818186,6.363636363636363,1314.928566
1982,24,10.416666666666666,77.17661224999999,6.3999999999999995,1852.238694
1983,23,15.041391304347826,68.41094534782609,6.052173913043478,1573.451743
1984,28,14.605357142857143,62.632435,6.510714285714286,1753.70818
1985,28,12.563054392857142,53.529476607142854,6.492857142857143,1498.825345
1986,26,12.930769230769231,57.76511484615384,6.173076923076923,1501.8929859999998
1987,31,12.125806451612902,50.236489322580645,6.287096774193548,1557.331169
1988,31,10.432258064516128,62.35928283870968,6.316129032258065,1933.137768
1989,32,17.508125,83.96473753125,6.49375,2686.871601
1990,29,25.49051724137931,133.23351220689656,6.317241379310344,3863.771854
1991,30,24.1,88.80358306666668,6.180000000000001,2664.107492
1992,34,24.66545720588235,110.49721776470588,6.561764705882353,3756.905404
1993,47,18.636170212765958,82.5947384468085,6.472340425531915,3881.952707
1994,55,25.64049090909091,107.79550007272728,6.318181818181818,5928.752504
1995,70,30.233571542857142,88.67347318571429,6.33,6207.143123
1996,97,29.248371659793815,70.18564444329897,6.134020618556701,6808.007511
1997,112,34.4434549375,86.02452053571429,6.254464285714286,9634.7463
1998,133,29.32661842857143,61.82782732330826,6.21203007518797,8223.101034
1999,171,29.277343116959063,60.42538543274854,6.110526315789474,10332.740909
2000,166,32.85060259036145,65.97721889759036,5.956024096385542,10952.218337
2001,183,30.349816530054643,72.51294966666667,6.046994535519125,13269.869789
2002,203,28.88643433004926,71.96974165517241,6.096551724137931,14609.857555999999
2003,169,31.561764,84.102482,6.012426035502958,14213.319458
2004,204,31.49410662254902,79.79748317156863,6.104411764705882,16278.686567
2005,217,29.25614988018433,68.8091669032258,6.0682027649769585,14931.589218
2006,237,28.01067500843882,70.19364029535865,6.129957805907173,16635.89275
2007,195,30.731525758974357,84.57241874358974,6.088205128205129,16491.621655
2008,227,31.51959955506608,79.94043966079295,6.095154185022026,18146.479803
2009,247,30.94925814574899,85.31437856680161,6.065587044534413,21072.651506
2010,225,34.49541093777778,90.43811007999999,5.968,20348.574768
2011,223,34.77232033632287,92.00413076233183,6.011210762331839,20516.921159999998
2012,208,34.92203199038461,116.06591464423076,5.9096153846153845,24141.710246
2013,231,35.52329365367965,101.34845582251083,6.089177489177489,23411.493295
2014,238,30.959887861344537,101.34659911344538,5.578991596638655,24120.490589
2015,216,31.13216373611111,105.43992694907408,5.593981481481482,22775.024221
2016,104,45.70326923076924,139.04958603846154,5.8336538461538465,14461.156948
2017,1,0.0,0.0,7.4,0.0
